availableDates,email,firstName,lastName,country
2017-05-16,eomersa@codingtemple.com,Ester,Omersa,United States
2017-05-16,fcragin@codingtemple.com,Felicita,Cragin,United States
2017-05-16,jmasher@codingtemple.com,Jeremiah,Masher,United States
2017-05-16,msoult@codingtemple.com,Melvin,Soult,United States
2017-05-16,mvirgel@codingtemple.com,Maggie,Virgel,United States
2017-05-17,fcragin@codingtemple.com,Felicita,Cragin,United States
2017-05-17,mmottern@codingtemple.com,Meta,Mottern,United States
2017-05-17,rbreznay@codingtemple.com,Robbyn,Breznay,United States
2017-05-17,sdockal@codingtemple.com,Shakita,Dockal,United States
2017-05-18,dbelgrave@codingtemple.com,Donny,Belgrave,United States
2017-05-18,fcragin@codingtemple.com,Felicita,Cragin,United States
2017-05-18,hpolitte@codingtemple.com,Hans,Politte,United States
2017-05-18,lskeeters@codingtemple.com,Lanie,Skeeters,United States
2017-05-18,lsolid@codingtemple.com,Luna,Solid,United States
2017-05-18,mlacau@codingtemple.com,Merilyn,Lacau,United States
2017-05-18,mmottern@codingtemple.com,Meta,Mottern,United States
2017-05-18,msoult@codingtemple.com,Melvin,Soult,United States
2017-05-18,sbeemon@codingtemple.com,Shaunta,Beemon,United States
2017-05-18,ssheahan@codingtemple.com,Shanna,Sheahan,United States
2017-05-18,sskinnen@codingtemple.com,Stacy,Skinnen,United States
2017-05-19,afernadez@codingtemple.com,Aaron,Fernadez,United States
2017-05-19,bwatton@codingtemple.com,Britt,Watton,United States
2017-05-19,dbelgrave@codingtemple.com,Donny,Belgrave,United States
2017-05-19,fcragin@codingtemple.com,Felicita,Cragin,United States
2017-05-19,hpolitte@codingtemple.com,Hans,Politte,United States
2017-05-19,mmottern@codingtemple.com,Meta,Mottern,United States
2017-05-19,msoult@codingtemple.com,Melvin,Soult,United States
2017-05-19,mvirgel@codingtemple.com,Maggie,Virgel,United States
2017-05-19,nkobbe@codingtemple.com,Nada,Kobbe,United States
2017-05-19,pdougherty@codingtemple.com,Phung,Dougherty,United States
2017-05-19,rketring@codingtemple.com,Rebbeca,Ketring,United States
2017-05-19,sdockal@codingtemple.com,Shakita,Dockal,United States
2017-05-20,mlacau@codingtemple.com,Merilyn,Lacau,United States
2017-05-20,msoult@codingtemple.com,Melvin,Soult,United States
2017-05-20,rketring@codingtemple.com,Rebbeca,Ketring,United States
2017-05-21,eomersa@codingtemple.com,Ester,Omersa,United States
2017-05-21,jglosson@codingtemple.com,Jude,Glosson,United States
2017-05-21,lsolid@codingtemple.com,Luna,Solid,United States
2017-05-21,mlacau@codingtemple.com,Merilyn,Lacau,United States
2017-05-21,mmottern@codingtemple.com,Meta,Mottern,United States
2017-05-21,mvirgel@codingtemple.com,Maggie,Virgel,United States
2017-05-21,nkobbe@codingtemple.com,Nada,Kobbe,United States
2017-05-21,rbreznay@codingtemple.com,Robbyn,Breznay,United States
2017-05-21,rketring@codingtemple.com,Rebbeca,Ketring,United States
2017-05-21,sbeemon@codingtemple.com,Shaunta,Beemon,United States
2017-05-21,sskinnen@codingtemple.com,Stacy,Skinnen,United States
2017-05-21,szenger@codingtemple.com,Soraya,Zenger,United States
2017-05-22,bleeks@codingtemple.com,Bong,Leeks,United States
2017-05-22,bwatton@codingtemple.com,Britt,Watton,United States
2017-05-22,jglosson@codingtemple.com,Jude,Glosson,United States
2017-05-22,jmasher@codingtemple.com,Jeremiah,Masher,United States
2017-05-22,mlacau@codingtemple.com,Merilyn,Lacau,United States
2017-05-22,msoult@codingtemple.com,Melvin,Soult,United States
2017-05-22,sbeemon@codingtemple.com,Shaunta,Beemon,United States
2017-05-22,sdockal@codingtemple.com,Shakita,Dockal,United States
2017-05-22,ssheahan@codingtemple.com,Shanna,Sheahan,United States
2017-05-23,bleeks@codingtemple.com,Bong,Leeks,United States
2017-05-23,fcragin@codingtemple.com,Felicita,Cragin,United States
2017-05-23,jglosson@codingtemple.com,Jude,Glosson,United States
2017-05-23,lsolid@codingtemple.com,Luna,Solid,United States
2017-05-23,msoult@codingtemple.com,Melvin,Soult,United States
2017-05-23,rbreznay@codingtemple.com,Robbyn,Breznay,United States
2017-05-24,afernadez@codingtemple.com,Aaron,Fernadez,United States
2017-05-24,fcragin@codingtemple.com,Felicita,Cragin,United States
2017-05-24,hpolitte@codingtemple.com,Hans,Politte,United States
2017-05-24,jmasher@codingtemple.com,Jeremiah,Masher,United States
2017-05-24,lskeeters@codingtemple.com,Lanie,Skeeters,United States
2017-05-24,lsolid@codingtemple.com,Luna,Solid,United States
2017-05-24,pdougherty@codingtemple.com,Phung,Dougherty,United States
2017-05-24,rbreznay@codingtemple.com,Robbyn,Breznay,United States
2017-05-24,sdegunya@codingtemple.com,Suzan,Degunya,United States
2017-05-24,szenger@codingtemple.com,Soraya,Zenger,United States
2017-05-25,afernadez@codingtemple.com,Aaron,Fernadez,United States
2017-05-25,bwatton@codingtemple.com,Britt,Watton,United States
2017-05-25,ccafaro@codingtemple.com,Casey,Cafaro,United States
2017-05-25,hpolitte@codingtemple.com,Hans,Politte,United States
2017-05-25,jmasher@codingtemple.com,Jeremiah,Masher,United States
2017-05-25,mlacau@codingtemple.com,Merilyn,Lacau,United States
2017-05-25,mmottern@codingtemple.com,Meta,Mottern,United States
2017-05-25,msoult@codingtemple.com,Melvin,Soult,United States
2017-05-25,nkobbe@codingtemple.com,Nada,Kobbe,United States
2017-05-25,pdougherty@codingtemple.com,Phung,Dougherty,United States
2017-05-25,rbreznay@codingtemple.com,Robbyn,Breznay,United States
2017-05-25,sbeemon@codingtemple.com,Shaunta,Beemon,United States
2017-05-25,sdockal@codingtemple.com,Shakita,Dockal,United States
2017-05-25,ssheahan@codingtemple.com,Shanna,Sheahan,United States
2017-05-26,afernadez@codingtemple.com,Aaron,Fernadez,United States
2017-05-26,bleeks@codingtemple.com,Bong,Leeks,United States
2017-05-26,bwatton@codingtemple.com,Britt,Watton,United States
2017-05-26,fcragin@codingtemple.com,Felicita,Cragin,United States
2017-05-26,jmasher@codingtemple.com,Jeremiah,Masher,United States
2017-05-26,lskeeters@codingtemple.com,Lanie,Skeeters,United States
2017-05-26,lsolid@codingtemple.com,Luna,Solid,United States
2017-05-26,mlacau@codingtemple.com,Merilyn,Lacau,United States
2017-05-26,mvirgel@codingtemple.com,Maggie,Virgel,United States
2017-05-26,pdougherty@codingtemple.com,Phung,Dougherty,United States
2017-05-26,rbreznay@codingtemple.com,Robbyn,Breznay,United States
2017-05-26,rketring@codingtemple.com,Rebbeca,Ketring,United States
2017-05-26,sdockal@codingtemple.com,Shakita,Dockal,United States
2017-05-26,szenger@codingtemple.com,Soraya,Zenger,United States
2017-05-28,afernadez@codingtemple.com,Aaron,Fernadez,United States
2017-05-28,bleeks@codingtemple.com,Bong,Leeks,United States
2017-05-28,bwatton@codingtemple.com,Britt,Watton,United States
2017-05-28,ccafaro@codingtemple.com,Casey,Cafaro,United States
2017-05-28,eomersa@codingtemple.com,Ester,Omersa,United States
2017-05-28,jmasher@codingtemple.com,Jeremiah,Masher,United States
2017-05-28,lsolid@codingtemple.com,Luna,Solid,United States
2017-05-28,mlacau@codingtemple.com,Merilyn,Lacau,United States
2017-05-28,mmottern@codingtemple.com,Meta,Mottern,United States
2017-05-28,msoult@codingtemple.com,Melvin,Soult,United States
2017-05-28,mvirgel@codingtemple.com,Maggie,Virgel,United States
2017-05-28,pdougherty@codingtemple.com,Phung,Dougherty,United States
2017-05-28,rketring@codingtemple.com,Rebbeca,Ketring,United States
2017-05-28,sbeemon@codingtemple.com,Shaunta,Beemon,United States
2017-05-28,sdegunya@codingtemple.com,Suzan,Degunya,United States
2017-05-28,ssheahan@codingtemple.com,Shanna,Sheahan,United States
2017-05-29,afernadez@codingtemple.com,Aaron,Fernadez,United States
2017-05-29,bleeks@codingtemple.com,Bong,Leeks,United States
2017-05-29,bwatton@codingtemple.com,Britt,Watton,United States
2017-05-29,ccafaro@codingtemple.com,Casey,Cafaro,United States
2017-05-29,eomersa@codingtemple.com,Ester,Omersa,United States
2017-05-29,jmasher@codingtemple.com,Jeremiah,Masher,United States
2017-05-29,lsolid@codingtemple.com,Luna,Solid,United States
2017-05-29,mlacau@codingtemple.com,Merilyn,Lacau,United States
2017-05-29,mmottern@codingtemple.com,Meta,Mottern,United States
2017-05-29,msoult@codingtemple.com,Melvin,Soult,United States
2017-05-29,mvirgel@codingtemple.com,Maggie,Virgel,United States
2017-05-29,pdougherty@codingtemple.com,Phung,Dougherty,United States
2017-05-29,rketring@codingtemple.com,Rebbeca,Ketring,United States
2017-05-29,sbeemon@codingtemple.com,Shaunta,Beemon,United States
2017-05-29,sdegunya@codingtemple.com,Suzan,Degunya,United States
2017-05-29,ssheahan@codingtemple.com,Shanna,Sheahan,United States
2017-05-30,bwatton@codingtemple.com,Britt,Watton,United States
2017-05-30,ccafaro@codingtemple.com,Casey,Cafaro,United States
2017-05-30,hpolitte@codingtemple.com,Hans,Politte,United States
2017-05-30,sskinnen@codingtemple.com,Stacy,Skinnen,United States
2017-05-31,bwatton@codingtemple.com,Britt,Watton,United States
2017-05-31,ccafaro@codingtemple.com,Casey,Cafaro,United States
2017-05-31,fcragin@codingtemple.com,Felicita,Cragin,United States
2017-05-31,hpolitte@codingtemple.com,Hans,Politte,United States
2017-05-31,jglosson@codingtemple.com,Jude,Glosson,United States
2017-05-31,lskeeters@codingtemple.com,Lanie,Skeeters,United States
2017-05-31,mlacau@codingtemple.com,Merilyn,Lacau,United States
2017-05-31,mmottern@codingtemple.com,Meta,Mottern,United States
2017-05-31,ssheahan@codingtemple.com,Shanna,Sheahan,United States
2017-05-31,szenger@codingtemple.com,Soraya,Zenger,United States
2017-06-01,bleeks@codingtemple.com,Bong,Leeks,United States
2017-06-01,bwatton@codingtemple.com,Britt,Watton,United States
2017-06-01,dbelgrave@codingtemple.com,Donny,Belgrave,United States
2017-06-01,fcragin@codingtemple.com,Felicita,Cragin,United States
2017-06-01,hpolitte@codingtemple.com,Hans,Politte,United States
2017-06-01,jglosson@codingtemple.com,Jude,Glosson,United States
2017-06-01,mlacau@codingtemple.com,Merilyn,Lacau,United States
2017-06-01,mmottern@codingtemple.com,Meta,Mottern,United States
2017-06-01,msoult@codingtemple.com,Melvin,Soult,United States
2017-06-01,nkobbe@codingtemple.com,Nada,Kobbe,United States
2017-06-01,pdougherty@codingtemple.com,Phung,Dougherty,United States
2017-06-01,rketring@codingtemple.com,Rebbeca,Ketring,United States
2017-06-01,sdegunya@codingtemple.com,Suzan,Degunya,United States
2017-06-01,ssheahan@codingtemple.com,Shanna,Sheahan,United States
2017-06-02,afernadez@codingtemple.com,Aaron,Fernadez,United States
2017-06-02,bleeks@codingtemple.com,Bong,Leeks,United States
2017-06-02,bwatton@codingtemple.com,Britt,Watton,United States
2017-06-02,ccafaro@codingtemple.com,Casey,Cafaro,United States
2017-06-02,eomersa@codingtemple.com,Ester,Omersa,United States
2017-06-02,jmasher@codingtemple.com,Jeremiah,Masher,United States
2017-06-02,lsolid@codingtemple.com,Luna,Solid,United States
2017-06-02,mlacau@codingtemple.com,Merilyn,Lacau,United States
2017-06-02,mmottern@codingtemple.com,Meta,Mottern,United States
2017-06-02,msoult@codingtemple.com,Melvin,Soult,United States
2017-06-02,mvirgel@codingtemple.com,Maggie,Virgel,United States
2017-06-02,pdougherty@codingtemple.com,Phung,Dougherty,United States
2017-06-02,rketring@codingtemple.com,Rebbeca,Ketring,United States
2017-06-02,sbeemon@codingtemple.com,Shaunta,Beemon,United States
2017-06-02,sdegunya@codingtemple.com,Suzan,Degunya,United States
2017-06-02,ssheahan@codingtemple.com,Shanna,Sheahan,United States
2017-06-03,afernadez@codingtemple.com,Aaron,Fernadez,United States
2017-06-03,bleeks@codingtemple.com,Bong,Leeks,United States
2017-06-03,bwatton@codingtemple.com,Britt,Watton,United States
2017-06-03,ccafaro@codingtemple.com,Casey,Cafaro,United States
2017-06-03,eomersa@codingtemple.com,Ester,Omersa,United States
2017-06-03,jmasher@codingtemple.com,Jeremiah,Masher,United States
2017-06-03,lsolid@codingtemple.com,Luna,Solid,United States
2017-06-03,mlacau@codingtemple.com,Merilyn,Lacau,United States
2017-06-03,mmottern@codingtemple.com,Meta,Mottern,United States
2017-06-03,msoult@codingtemple.com,Melvin,Soult,United States
2017-06-03,mvirgel@codingtemple.com,Maggie,Virgel,United States
2017-06-03,pdougherty@codingtemple.com,Phung,Dougherty,United States
2017-06-03,rketring@codingtemple.com,Rebbeca,Ketring,United States
2017-06-03,sbeemon@codingtemple.com,Shaunta,Beemon,United States
2017-06-03,sdegunya@codingtemple.com,Suzan,Degunya,United States
2017-06-03,ssheahan@codingtemple.com,Shanna,Sheahan,United States
2017-06-06,mmottern@codingtemple.com,Meta,Mottern,United States
2017-06-07,fcragin@codingtemple.com,Felicita,Cragin,United States
2017-06-08,lskeeters@codingtemple.com,Lanie,Skeeters,United States
2017-06-08,sbeemon@codingtemple.com,Shaunta,Beemon,United States
2017-06-09,rbreznay@codingtemple.com,Robbyn,Breznay,United States
2017-06-09,sbeemon@codingtemple.com,Shaunta,Beemon,United States
